[
    {
        "topic":"var är min mat era bövlar????",
        "name":"Vederbörande Rutgersson",
        "email":"vederb_rutger@gmail.com",
        "message":"Jag har beställt mat, var är den? Vi är hungriga"
    },
    {
        "topic":"Jaha, när är det klart?",
        "name":"Anders Anderberg",
        "email":"aberg2000@gmail.com",
        "message":"Maten är var?? bullshit!"
    },
    {
        "topic":"Ämne",
        "name":"Tore Vretman",
        "email":"nomail@nono.com",
        "message":"jag skulle vilja jobba hos er!"
    },
    {
        "topic":"Ämne",
        "name":"Tore Vretman",
        "email":"nomail@nono.com",
        "message":"jag skulle vilja jobba hos er!"
    },
    {
        "topic":"Ämne",
        "name":"Tore Vretman",
        "email":"nomail@nono.com",
        "message":"jag skulle vilja jobba hos er!"
    },
    {
        "topic":"Ämne",
        "name":"Tore Vretman",
        "email":"nomail@nono.com",
        "message":"jag skulle vilja jobba hos er!"
    },
    {
        "topic":"Ämne",
        "name":"Tore Vretman",
        "email":"nomail@nono.com",
        "message":"jag skulle vilja jobba hos er!"},
    {
        "topic":"Ämne",
        "name":"Tore Vretman",
        "email":"nomail@nono.com",
        "message":"jag skulle vilja jobba hos er!"
    }
]