[
  {
    "nick_received": "Admin",
    "namn_received": "Admin Adminsson",
    "mobil_received": "0701740174",
    "email_received": "matti.heinonen1988@gmail.com",
    "pass_received": "Admin123"
  },
  {
    "nick_received": "Marodören",
    "namn_received": "Anders Försvannder",
    "mobil_received": "0701740174",
    "email_received": "väck@borttappad.se",
    "pass_received": "EinSweiDrei_987"
  },
  {
    "nick_received": "Pesten",
    "namn_received": "Matti Heinonen",
    "mobil_received": "0701740174",
    "email_received": "matti.heinonen1988@gmail.com",
    "pass_received": "RisigaHänder_99"
  }
]